"name","ID","link","recommend","liked","disliked","experience","comment"
"Смартфон ZTE Blade V50 Vita 6/128GB Black","47fc392ed93490c3f7cbe5b3cacc5dab","https://hotline.ua/ua/mobile-mobilnye-telefony-i-smartfony/zte-blade-v50-vita-6128gb-black/","не рекомендує цей товар","Долгая работа батареи","Плохая камера,низкая скорость процессора, звук динамика и изображение","кілька тижнів","Этот смартфон только для долгих разговоров старикам из за 6000 батареи . Для всего остального низкое качество как на дешёвых смартфонах эпохи  android 5 .Я его подарил бабушке. Бабуля довольна ."
"Смартфон ZTE Blade L9 1/32GB Blue","0ee50d68c445d81f9f460f816f28d5c3","https://hotline.ua/ua/mobile-mobilnye-telefony-i-smartfony/zte-blade-l9-132gb-blue/","не рекомендує цей товар","Нечего","через несколько месяцев превратиться в кирпич","кілька годин","Стандарти зв'язку: 3G  выводят из  Украины. Будьте аккуратны такие смартфоны начинают продавать по очень низкой цене потому что они уже скоро будут без связи."
"Смартфон ZTE Nubia Z60 Ultra 12/256GB Black","40d0e0aefef0c2607708a3dc0cd68705","https://hotline.ua/ua/mobile-mobilnye-telefony-i-smartfony/zte-nubia-z60-ultra-12256gb-black/","не рекомендує цей товар","одноразова одноразовість","Після падіння з 50см розбився екран в куті, саме там де стандартий ""чохол"" мав би його захистити. Повторне падіння з такої ж висоти призвело до тріщин на задній панелі і до перетворення телефону в цеглину. Найгірша покупка, яку я можу пригадати за років 30","кілька місяців",""
"Смартфон ZTE Blade V50 Vita 6/128GB Black","47fc392ed93490c3f7cbe5b3cacc5dab","https://hotline.ua/ua/mobile-mobilnye-telefony-i-smartfony/zte-blade-v50-vita-6128gb-black/","рекомендує цей товар","6 Гб оперативки (+ще 6 за рахунок вільної внутрішньої пам'яті), додатки ""літають"", батарея тримає. Файна версія системи з купою зручних налаштувань. Солідна батарея зі швидкою зарядкою","Трошки ""куций"" (всього 67 см) та дещо негнучкий кабель зарядки. Користуватися ""від розетки"" може бути проблематично - хоча для мене такий сценарій не критичний","кілька тижнів",""
"Смартфон ZTE Blade L9 1/32GB Grey","b424c41a60b298e9fe96a2a30bb50064","https://hotline.ua/ua/mobile-mobilnye-telefony-i-smartfony/zte-blade-l9-132gb-grey/","рекомендує цей товар","Понравился цвет и дизайн, смотритися не как самый дешевый телефон, со всеми функциями справляется, как второй телефон по подойдет","иногда немного подвисает","кілька місяців","Понравился дизайн, сам смартфон не толстый, удобный в руке, со смеми функцияси справляется, иногда не много подвисает, быстро заряжается, батарея держит нормально, камера такая себе, но телефон очень дешевый, и как вариант второго телефона идеально подходит, по этому в такой концепции буду рекомендовать"
"Смартфон ZTE REDMAGIC 9 Pro 16/512GB Cyclone","459c82060a6fa3acb7940b8ba2c7d49b","https://hotline.ua/ua/mobile-mobilnye-telefony-i-smartfony/zte-redmagic-9-pro-16512gb-cyclone/","рекомендує цей товар","Якісна збірка.Прудкий.Ігровий режим дуже допомагає.Швидкі тригери.Батарея довго тримає.Є аніме тянка","Потрібно чохол замовляти з Китаю","кілька днів","Однозначно рекомендую. Тут дизайн приємний, в руках тримається зручно, легко навчитися користуватися різними режимами"
"Смартфон ZTE Blade V50 Vita 6/128GB Black","47fc392ed93490c3f7cbe5b3cacc5dab","https://hotline.ua/ua/mobile-mobilnye-telefony-i-smartfony/zte-blade-v50-vita-6128gb-black/","рекомендує цей товар","Дизайн.- Комплектация.- Мощность батареи 6000.- Оперативная память 6 ГБ.- Встроенная память 128 ГБ.- Недорогой","Может качество картинки ня экране, но это субъективно","кілька годин","Думаю, что в этом ценовом диапазоне, этот смартфон - однозначно лидер.
С такой оперативной и встроенной памятью, ёмкостью батареи...просто супер.
Ну и вишенка на торте - прозрачный чехол-бампер и защитная плёнка на стекло входят в комплект. Такого ещё не видел.
Надеюсь моё мнение об аппарате не изменится в процессе пользования."
"Смартфон ZTE Blade A52 4/64GB Crystal Blue","bc5c46832bfc6321bca4de318f7d624d","https://hotline.ua/ua/mobile-mobilnye-telefony-i-smartfony/zte-blade-a52-464gb-crystal-blue/","не рекомендує цей товар","НФСі","ZTE А52-самий невдалиі заводський китайський виробник смартфонів, з усіх інших китайских виробників телефонів, яким користувався до цього","кілька місяців","В кінці лютого прибав А51, повернув через декілька днів -слаба батарея. Доплатив та придбав А52, краще б цього не робив, бо батарея-це квіточки в порівняннІ з проблемами А52.
Нобхідно було зробити декілька фото на вулиці, при температурі +10 на вулиці, телефон просто вирубився та не включався, в теплому приміщенні ожив. При температурі нижче +18 сам часто вирубається, та перезавантажується, через декілька хвилин відео також вирубається, довгого відео не тягне. При дзвінку з збережених номерів не показує хто дзвонить тільки номер. Положити трубку часто не можливо, так як екран чорний, не активний, по вайберу таж сама ситуація, часто просто чорний екран камера також не передає зображення, хоч звук є, положити трубку також не можна, тільки інший абонент. 
Дуже тормозить, при розблокуванні, та реагуванні на екран. Літом на ці глюки не звертав особливої уваги, в вересні та жовтні при невеликому похолоданні- просто катастрофа. З жахом чекаю на зиму.
Вибирайте або дешевий телефон, щоб не жалко було грюкнути об стіну, або дорожчий, може буде працювати та інших виробників.
ZTE -обходьте стороною.
Вдалих всім покупок!"
"Смартфон ZTE Blade A51 2/32GB Gray","e1886633913a4cbbe870bd8d4d5c6296","https://hotline.ua/ua/mobile-mobilnye-telefony-i-smartfony/zte-blade-a51-232gb-gray/","рекомендує цей товар","Цена и количество функций","Ну могла быть батарея 3500 и выше:) плюс быстрая зарядка","кілька тижнів","За такие деньги просто улёт - Экран 6.5, есть NFC, отпечаток пальца, Type-C. Брался маме на подарок, и она очень довольная:) Хотел именно серый цвет, как что-то уникальное сегодня:)) Советую сразу ставить лаунчер, так как тут урезанный Андроид Го и не всем это нравится. Камера по сравнению с моим старым Asus Zenfone live тоже отличная. Очень хороший бюджетник, советую!"
"Смартфон ZTE Blade A71 3/64GB Blue","6c6bb9750f5ee9e43d66a9c2f0648815","https://hotline.ua/ua/mobile-mobilnye-telefony-i-smartfony/zte-blade-a71-364gb-blue/","рекомендує цей товар","Ціна, дуже гарний, хороша якість фото за таку ціну","Не дуже швидкий","кілька годин",""
"Смартфон ZTE Blade A72 3/64GB Space Gray","7c7846ff2762a9fa047c0a0b98c2e59d","https://hotline.ua/ua/mobile-mobilnye-telefony-i-smartfony/zte-blade-a72-364gb-space-gray/","рекомендує цей товар","Серед позитивних аспектів можна виділити приємний дизайн пристрою, який може залучити користувачів своєю сучасністю. Доступність 3 ГБ оперативної пам'яті дозволяє відносно комфортно використовувати деякі програми та переглядати мультимедійний контент. Оперативна пам'ять також сприяє плавному функціонуванню базових завдань. Камера на цьому смартфоні також може відповідати базовим потребам, але не очікуйте вражаючої якості фотографій у важких умовах освітлення","Зокрема, обсяг внутрішньої пам'яті 64 ГБ може бути недостатнім для користувачів, які активно використовують мультимедійний контент або ігри","кілька днів","це пристрій для тих, хто шукає бюджетний варіант смартфона з базовими можливостями. Він може бути зручним для повсякденного використання, але не підійде для високопродуктивних завдань або ігор."
"Смартфон ZTE Blade A31 2/32GB Gray","afa4f9345c5e15caaaaef80016ece36e","https://hotline.ua/ua/mobile-mobilnye-telefony-i-smartfony/zte-blade-a31-232gb-gray/","не рекомендує цей товар","Компактний, нормальний дизайн, екран теж нормальний. Бюджетний варіант","Батарея жахлива. Періодично вимикається сам","кілька місяців","Купила батькові телефон, щоб можна було встановити базові програми Вайбер, Фейсбук. Обирала дешевий, бо в нього вони вічно падають. Але я не думала, що буде такий капець з батареєю. Її жере не знаю що. Все повідключала, що могла. За ніч з'їдає 20 відсотків. Якщо зарядити звечора, то до наступного вечора телефон не доживе, навіть якщо ним вазагалі не клацати. Проблему я вирішила тим, що на ніч включає батько режим в літаку. А так телефон весь час в режимі енергозбереження. І тоді телефон просто доживає до вечора. Щоб ним просто можна було подзвонити за день. Про сидіть в інеті я мовчу. Виходить це абсолютно безполєзна покупка."
"Смартфон ZTE Blade A51 Lite 2/32GB Blue","4ac809cecc114c1de241814b2a90042e","https://hotline.ua/ua/mobile-mobilnye-telefony-i-smartfony/zte-blade-a51-lite-232gb-blue/","рекомендує цей товар","Найкращій по паритету ціна/якість.Користуюсь вже восьмий місяць: інтернет, YouTube, Telegram, Facebook кожен день. І ніч.Аккум тримає 6-8 годин перегляду YouTube.Дуже сподобалося звук і розташування динаміка: ззаду внизу як у старих смартфонів, динамік не перекривається якщо телефон знизу тримати.Ігри: Going Balls(платформер), Fox One(авіасимулятор), Real Football(сокерсимулятор).Апаратна частина слабенька АЛЕ завдяки полегшеній Android GO усе ""літає""! І я не перебільшую.Дизайн дуже гарний особливо кришка не видно ні відбитків, ні подряпин. Дуже легкий на вагу","Через Android GO неможливо зробити YouTube програвачем у фоні без підписки.Із підпискою Premium можливо але ж це 99 грн","кілька місяців","Як перший смартфон дитині, батькам заміна кнопочних ідеально підходить. Дзвінки, Wi-Fi, YouTube, Facebook задешево!"
"Смартфон ZTE Blade L9 1/32GB Grey","b424c41a60b298e9fe96a2a30bb50064","https://hotline.ua/ua/mobile-mobilnye-telefony-i-smartfony/zte-blade-l9-132gb-grey/","рекомендує цей товар","Понравился внешний вид, смотрится солидно, удобный в использовании, цена","Немножко поддерживает, батарея слабовата","кілька місяців","В первую очередь очень понравился сам дизайн смартфона, очень круто смотрится, удобный в использовании, цена классная, но с другой стороны чуток подтормаживае и слабоватая батарея, но все же рекомендую как второй смартфон"
"Смартфон ZTE Blade L220 1/32GB Black","7b569af121dc8f57b877189811ad8b70","https://hotline.ua/ua/mobile-mobilnye-telefony-i-smartfony/zte-blade-l220-132gb-black/","рекомендує цей товар","Дизайн, батарея, цена, качество, удобный и практичный","Нет","кілька місяців","Сам по себе смартфон довольно таки удобный и продуманный, хорошее соотношения цены и качества, дизайн современный, батарея держит нормально, в общем рекомендую к покупке"
"Смартфон ZTE Blade V40 6/128GB Green","32e5b69a63b01700df6e75a6c347333a","https://hotline.ua/ua/mobile-mobilnye-telefony-i-smartfony/zte-blade-v40-6128gb-green/","рекомендує цей товар","Приємний дизайн, великий обсяг пам'яті, досить пристойна камера","Акумулятор насправді має 5000 мАг, а камера лише 48 Мп","кілька днів",""
"Смартфон ZTE Blade 20 Smart 4/128GB Black","f9d45ba7efccf54c84a4804e17fa50b5","https://hotline.ua/ua/mobile-mobilnye-telefony-i-smartfony/zte-blade-20-smart-4128gb-black/","рекомендує цей товар","Є NFC","Немає стабілізації камери. Відео трясеться","рік і більше","Купував в лютому 2020 зараз лютий 2023. Весь час без чохла. Кілька разів падав. Попри це все, смартфон працює супер. Всі функції як у нового. Екран не подряпався. Бокові кнопки на місці, не глючить, батарея тримає кілька днів, якщо мобільним інтернетом не користуватися. Вибрав його тоді бо в ньому є NFC. В цьому смартфоні гучний звук."
"Смартфон ZTE Blade A72 3/64GB Sky Blue","13e0e6daef34324502f3cde1ac605c2f","https://hotline.ua/ua/mobile-mobilnye-telefony-i-smartfony/zte-blade-a72-364gb-sky-blue/","рекомендує цей товар","Заряду батареї вистачає на дві доби, дизайн. Швидкість роботи","3 ГБ оперативної пам'яті","кілька місяців","Довго трииає батарея, швидкий. Гарний дизайн."
"Смартфон ZTE Blade L9 1/32GB Grey","b424c41a60b298e9fe96a2a30bb50064","https://hotline.ua/ua/mobile-mobilnye-telefony-i-smartfony/zte-blade-l9-132gb-grey/","не рекомендує цей товар","Дизайн телефона","Камера вообще старая, чо можно на ней снимать? Вообще зачем такие смартфоны выпускать если камера не работает хорошо, не знаю что на ней можно снимать. Батарея та же 2000 мАч хватает на час работы максимум, не советую такие телефоны брать берите от 5000 мАч батарею, можете сутки работат без проблем. Это в наше время очень поможет","кілька місяців",""
"Смартфон ZTE Nubia Red Magic 6R 8/128GB Black","afa83fca6efded6b8d320ab36e9431d5","https://hotline.ua/ua/mobile-mobilnye-telefony-i-smartfony/zte-nubia-red-magic-6r-8128gb-black/","рекомендує цей товар","1. Комплектація телефону - покупав свого часу по акції з додатковим чохлом та бездротовими вухами.2. Оригінальний дизайн. Не класичний, і не вульгарний. Пасуватиме людям з різними стилем життя..3. Продуктивність. Одним словом - літає..4. Досить непогана камера як для ігрового смартфону..5. Ігрові тригери на боковій панелі телефону, та спеціальний ігровий режим з масою додаткових налаштувань..6. Швидка зарядка за 45 хвилин","1. Автономність роботи та доволі слабка батарея. Але я його використовую дуже активно..2. У потужних іграх відчутно гріється..3. Сира оболонка..4. Один динамік, який при триманні у руках прикривається (вуха на допомогу).5. Відсутність роз'єму 3,5. Але як на мене це не критично","кілька місяців","Загалом телефон топ за ту ціну, коли я його брав (12к). Зараз за свою ціну можливо розглянути та пошукати інші варіанти.
Але оцінка його використання майже у рік - це п'ятірка."
"Смартфон ZTE Blade V30 Vita 4/128GB Blue","9035c513d7e31be6d2535311a5fa2b79","https://hotline.ua/ua/mobile-mobilnye-telefony-i-smartfony/zte-blade-v30-vita-4128gb-blue/","рекомендує цей товар","Смартфон дуже сподобався.Користуюсь ним уже рік.Жодних зависань,чи тормозів не було..Потужна батарея дозволяе дивитись відео хоч цілий день.Заряджаю один раз за добу чи півтори.Багато пам'яті дозволяє завантажувати потрібні додатки","Слаба камера,але це не фотоаппарат,а смартфон.І для його ціни,це моя вдала покупка","рік і більше","Мені дуже сподобався,іншого не хочу.До нього у мене був смартфон Xiaomi.Порівнюючи їх,ZTE набагато вдаліший мій вибір"
"Смартфон ZTE Blade 20 Smart 4/128GB Gradient Green","b47d58c2502363ac4f197e75fad7ed49","https://hotline.ua/ua/mobile-mobilnye-telefony-i-smartfony/zte-blade-20-smart-4128gb-gradient-green/","рекомендує цей товар","цена, объем памяти","камера, управление жестами","рік і більше","Такие телефоны у родителей и у дочки. За свою цену хороший выбор. Большой объем памяти, большой экран, емкая батарея. Управление жестами в оболочке не очень хорошо сделано (свайпы от краев экрана для возврата назад), родителям вернул на нижние экранные кнопки. Камера посредственная. Спустя почти 2 года, телефоны не стали тупить, как это часто происходит с более дешевыми телефонами."
"Смартфон ZTE Blade L9 1/32GB Grey","b424c41a60b298e9fe96a2a30bb50064","https://hotline.ua/ua/mobile-mobilnye-telefony-i-smartfony/zte-blade-l9-132gb-grey/","не рекомендує цей товар","Включился и Дизайн хороший","Мне все не понравилось, одни минуси! Камера плохая на улице а в квартире то вообще глаза палают! Батарея держит максимум 50 минут( ето еще обичное использование) мощностью тут и не пахнет даже самие слабие игри 100 лет назад випущени лагают ужасно( пример сабвей серф) процессор неизвестний( берите лучьше медіатек або снепдрегон) цена завишенная в сто раз!! Также на етом говно фоне есть 11 андроид. Я типо должен радоваться? изза того что тут оперативной памяти буквально 1 гигибайт и еще в придачу 11 андроид, то понятно что он будет сильно лагать","кілька місяців","Короче вибирайте смартфони с умом! И да я етим телефоном пользовался только 2 месяца и то просто смотрел ютуб!"
"Смартфон ZTE Blade A3 2020 1/32GB Grey","1d6ed83f65647843cf52fbf454a99787","https://hotline.ua/ua/mobile-mobilnye-telefony-i-smartfony/zte-blade-a3-2020-132gb-grey/","не рекомендує цей товар","Как телефон, нормально работает","Батарея, просто хуже быть не может. По большому счету, если сидеть в Фэйсбуке, два часа и все, заряд один процент. Причем может с срока сразу на пятнадцать упасть","кілька місяців","Сразу надо покупать к нему повербанк и изоленту. Привязывать к телефону и тогда может на день хватит."
"Смартфон ZTE Blade A7S 3/64GB Blue","add6265f5871a053124fa4c2b4f5db73","https://hotline.ua/ua/mobile-mobilnye-telefony-i-smartfony/zte-blade-a7s-364gb-blue/","рекомендує цей товар","Ціна, якість","Встроєний акумулятор","кілька місяців",""
"Смартфон ZTE Nubia Play 5G 8/256GB Blue","49df46f64f19e10cb8bbb9875d2001a4","https://hotline.ua/ua/mobile-mobilnye-telefony-i-smartfony/zte-nubia-play-5g-8256gb-blue/","рекомендує цей товар","Характеристики на порядок вище ніж у конкурентів за ту ж саму вартість","відсутність NFC та мало аксексуарів до цієї моделі в Україні","кілька годин","Потрібно було взяти телефон в межах 10 тис грн. Вибір впав на цю модель, незважаючи на відсутність NFC (я принципово його не використовую, попередній був з NFC - не користувався), оскільки:
-пам'ять постійна - 256Гб;
-пам'ять оперативна - 8Гб;
-процесор - Qualcomm Snapdragon 765G (Mediatek та Exynus не розглядаю принципово, хоча MediaTek Dimensity вийшли на рівень Snapdragon);
-екран - Amoled 144GHz;
-акумулятор - 5100 мАгод.
Конкуренти з подібними характеристиками від 11 тис. грн.
Користуюся кілька днів, все влаштовує. Чекаю аксексуари.
Рекомендую до покупки хто ще вагається."
"Смартфон ZTE Nubia Play 5G 8/128GB Black","b971a5a96b56fd710f21fcc6760f2274","https://hotline.ua/ua/mobile-mobilnye-telefony-i-smartfony/zte-nubia-play-5g-8128gb-black/","рекомендує цей товар","Стабільні фпс","","рік і більше",""
"Смартфон ZTE Blade A71 3/64GB Green","ebdca4e5c03135e135754140d9dd222e","https://hotline.ua/ua/mobile-mobilnye-telefony-i-smartfony/zte-blade-a71-364gb-green/","не рекомендує цей товар","Красивый дизайн, приятный на ощупь, удобно сидит в руке, хороший экран","периодически виснет, приходится перезагружать, бывает вылетают ошибки камеры, батарея держит пол дня!!! сканер отпечатка срабатывает раз через 3, камера очень средняя, датчик приближения шалит, вечно ухом при разговоре нажимаю что-то. в проводных наушниках правое ухо не работает при включенном экране","кілька місяців","Читал отзывы других людей, большинство хвалили, купил, теперь жду когда случайно уроню, чтобы купить наконец нормальный телефон вместо этого."
"Смартфон ZTE Blade V30 4/128GB Black","c2878a0fa0bd09cff419f9bbf56a4747","https://hotline.ua/ua/mobile-mobilnye-telefony-i-smartfony/zte-blade-v30-4128gb-black/","не рекомендує цей товар","Телефон не очень. По задумкам не плохо","Навигация тупит. Не определяет местоположения. Связь постоянно ""уходит"". При записи видео, микрофон слабый","кілька місяців",""
"Смартфон ZTE Blade L8 1/16GB Black","d2f0f4adbdf0d3955d19ec4ddcc90127","https://hotline.ua/ua/mobile-mobilnye-telefony-i-smartfony/zte-blade-l8-116gb-black/","рекомендує цей товар","Легкий, приятный на ощупь. Небольшие размеры позволяют удобно держать в небольшой ладони","В наборе программ по-умолчанию нет виджета с часами и погодой на рабочий стол","кілька днів","Хороший аппарат для пенсионерки, которой нужно только звонить, получать СМС и общаться в вайбере. +Калькулятор и будильник. За такие деньги - самое оно."
"Смартфон ZTE Blade L8 1/16GB Blue","f044925c3bf8beb45066034be7bb6f01","https://hotline.ua/ua/mobile-mobilnye-telefony-i-smartfony/zte-blade-l8-116gb-blue/","рекомендує цей товар","Ціна","Акамулятор. Якщо не гратись, то на день вистачає. Камера, все ж таки 8 мало","кілька місяців","Телефон не поганий. Куплявся для доньки в школу."
"Смартфон ZTE Blade 20 Smart 4/128GB Black","f9d45ba7efccf54c84a4804e17fa50b5","https://hotline.ua/ua/mobile-mobilnye-telefony-i-smartfony/zte-blade-20-smart-4128gb-black/","не рекомендує цей товар","Стабильная работа ПО.Объем памяти.NFC.Быстрая зарядка","Отсутствие более нового андроида (или патчей безопасности).Не самое лучшее ПО камеры","кілька місяців",""
"Смартфон ZTE Blade A5 2020 2/32GB Black","3f3b789e99aec05f9f46e5bb82b7e60a","https://hotline.ua/ua/mobile-mobilnye-telefony-i-smartfony/zte-blade-a5-2020-232gb-black/","рекомендує цей товар","Цена, экран, оболочка","Аккумулятор","кілька тижнів","Брался ребенку в качестве временного решения, вместо разбитого, для школьной удалёнки, и с этим он вполне справляется. Собственно я его только настраивал и адекватно оценить сложно. Из плюсов экран - ips, он вполне неплохой, на уровне среднебюджетника, а учитывая стоимость вообще бомба. Ещё понравилась оболочка напоминающая чистый андроид. А вот батарея - не помню чтобы видел хуже, тает тупо на глазах, и это без нагрузки на процессор. Ещё бы к минусам отнес андроид 9, могли бы поставить и 10-й, телефон то в 20-м вышел. Но это больше придирки, реально мало на что влияет. В остальном телефон ровно сколько стоит, на столько и работает. От бюджетника примерной стоимостью около 100$, реально чудес не ждёшь. Посмотреть видосы в Ютубе, посерфить в браузере, вайберы/телеграмы/инстаграмы - хватает. Стоит ли брать? Ну это тупо самый дешёвый телефон, все что ниже это пародия на телефоны и ноунеймы. Если бюджет позволяет то лучше взять дороже."
"Смартфон ZTE Blade A7 2020 3/64GB Gradient","85bb25e60a2602243431070637c0f286","https://hotline.ua/ua/mobile-mobilnye-telefony-i-smartfony/zte-blade-a7-2020-364-gb-gradient/","рекомендує цей товар","Размеры- 90% телефонов в продаже заметно крупнее, отличная батарея- первый телефон у меня, который, забыв поставить на зарядку на ночь, может на остатке протянуть еще один день, мгновенно подхватывающий GPS, NFC, хоть им и не пользуюсь","В доброй половине чехлов на эту модель забыли проделать отверстие под сканер отпечатка, пришлось вооружиться пробойником, без чехла какой-то скользкий, что-ли, кажется, что вот-вот выпадет из руки","кілька місяців","Второй в семью купили такой же, только черного цвета, который к тому же оказался красивым глубоко-синим, очень рекомендую.
И да- ZTE это не китайский ноунейм, это очень серьезный бренд, давний конкурент Huawei в телекоме."
"Смартфон ZTE Blade A71 3/64GB Gray","bd644aa913c1a0611fdb3785971dfb28","https://hotline.ua/ua/mobile-mobilnye-telefony-i-smartfony/zte-blade-a71-364gb-gray/","рекомендує цей товар","Камера, размер, NFC","Комбинированный лоток","кілька тижнів","Телефон шустрый, приятно лежит в руке, диагональ экрана, прям то что надо, еще больше и носить в кармане неудобно.
По роботе могу отметить, что проверил все функции кроме NFC. Все работает, нигде ничего не тормозит. Очень непривычно что отпечаток пальца находиться сбоку, и кроме как указательным пальцем, там разблокировать не получиться.
Пользуюсь уже месяц. Без подзарядки в фоновом режиме держит 4 дня... +-. Сильно его не нагружал, так видео посмотреть 2-3 часа в день, на такой загрузке, заряжался раз в два дня... При активной игре, средняя яркость, по вайфаю, процент зарядки упал за 4 часа с 78% до 45%... 

Когда покупал, не воспользовался хотлайном, ибо описании телефона, негде кроме как тут, не было указано что у телефона всего два лотка под симку, причем 1 комбинированный с картой памяти. Это очень обидно на самом деле.

По характеристикам проходиться не буду, скажу лишь что 64 гб, сегодня это так сказать та цифра, которая удовлетворит средние запросы.
Камера, очень хорошая, тройная. 16 пикселей удовлетворят даже самого требовательного юзера."
"Смартфон ZTE Blade 20 Smart 4/128GB Black","f9d45ba7efccf54c84a4804e17fa50b5","https://hotline.ua/ua/mobile-mobilnye-telefony-i-smartfony/zte-blade-20-smart-4128gb-black/","рекомендує цей товар","Объем памяти.Камера в этом ценовом сегменте.type C .NFC.Емкость акб.Поддержка производителем","Через год начал тупить сенсор..Глянцевый корпус невозможно использовать без чехла.Минимальный комплект.Звук - даже с надстройкой ДТС звук как из ведра","рік і більше","Телефон - рабочая лошадка.
Когда только купил были проблемы с софтом - но за три месяца производитель поправил все косяки обновлениями - сейчас вообще все должно работать отлично.
Корпус царапается - чехол нужен в любом случае.
Очень понравилась быстрая зарядка - это очень удобно.
АКБ держит заряд превосходно, за год износ +- 10%. В среднем 2 дня, если особо не нагружать то 3.
Уровень сигнала wi-fi, почему то слабее чем в других телефонах. Сеть держит хорошо, хотя иногда приходили смс о пропущенных звонках даже в зоне с устойчивым покрытием.
Сканер отпечатка пальца работает быстро, не тупит - на незарегистрированные пальцы не реагирует. 
При хорошем освещении распознавание по лицу работает быстро.
Отдельная тема это практически чистый андроид - это как ""+"" так и ""-"", мне после мейзу очень понравилось.
Телефон до сих пор работает, хотя иногда зависает сенсор."
"Смартфон ZTE Blade A7 2020 2/32GB Gradient","bdf3b734a00f684156c7d094ad2cc969","https://hotline.ua/ua/mobile-mobilnye-telefony-i-smartfony/zte-blade-a7-2020-232gb-gradient/","рекомендує цей товар","Качество сборки.NFC.Быстродействие.Чистый андроид","microUSB","кілька годин","Покупал на подарок. Телефон привлек внимание чистым андроидом и наличием NFC.
NFC работает, не тупит.
Камера тут есть и она снимает - в принципе +- сносно. 
Корпус собран хорошо - не скрипит.
Можно установить 2 сим карты или симку + карту памяти.
Динамики хорошие - собеседника слышно. К микрофону претензий тоже нет.
Сенсор не тупит, как и в принципе сам телефон.
Комплект очень минималистичный - ни чехла, ни пленки на экране. Без них телефон быстро теряет свой вид.
Автономность - 3 дня если положить его на полочку и не пользоваться, в среднем день-полтора выдерживает.
В этой ценовой категории это топ."
"Смартфон ZTE Blade A7 2020 3/64GB Black","4f356eb76bd768167ac046958245f057","https://hotline.ua/ua/mobile-mobilnye-telefony-i-smartfony/zte-blade-a7-2020-364gb-black/","рекомендує цей товар","3 гб ОЗУ.Батарея","Камера.Гріється","кілька місяців","Був потрібен апарат з 64 гб пам’яттю да більше 3 ОЗУ. Один із найдешевших варіантів в цьому ціновому сегменті. Доволі швидко працює, батарея в активному режимі тримається майже цілий день. Також слід зазначити те, що на нього не складно знайти не дорогі чохол та скло. 
Не сподобалась камера. Здається що не дотягує до заявлених 16 МП. NFC та відбиток пальця працюють без нарікань."
"Смартфон ZTE Blade A7 2019 2/32GB Black","fbe4facdf95ca7a880b3acad871204a2","https://hotline.ua/ua/mobile-mobilnye-telefony-i-smartfony/zte-blade-a7-232gb-black/","рекомендує цей товар","Хорошая камера","Такое ощущение иногда что ОЗУ не 2гига, а 0,5","кілька тижнів","Брался для простейших задач - звонки, мессенджеры, заказ уклона/ убера. Камера хорошо ""вытягивает"" в сумерки, что удивило. Батарея пока норм - если не торчать особо в телефоне то и на три дня хватает. Расстроили внезапные вылеты из некоторых приложений и вообще что-то не лады с ОЗУ или оптимизацией. Тормозов вроде и нет, но стоит запустить более двух приложений - при возврате к предыдущим они полностью перегружаются заново. Но за свои деньги пойдёт - яркий сочный экран, неплохая камера и батарея вытягивают аппарат"
"Смартфон ZTE Blade A7 2020 2/32GB Black","f3b542b21875db338533fd77d5700202","https://hotline.ua/ua/mobile-mobilnye-telefony-i-smartfony/zte-blade-a7-2020-232gb-black/","рекомендує цей товар","Непоганий бюджетнік,з добрим акб","","кілька тижнів","Не дорогий,добротна камера,добрий акб,в роботі нормальний якщо не перегружати додатками.
Зручний в руці,добрий яскравий екран.
Добрий для дитини.вайбер тик-тик ,ютуб без проблем"
"Смартфон ZTE Blade L8 1/16GB Blue","f044925c3bf8beb45066034be7bb6f01","https://hotline.ua/ua/mobile-mobilnye-telefony-i-smartfony/zte-blade-l8-116gb-blue/","не рекомендує цей товар","Добре трима батарея","Телефон на свою ціну","рік і більше","Телефон навіть для дитини слабкий,екран на сонці нічого не видно,в гикмарк 5 набирає 70,купили дитині,4Г не має.
Один плюс це добре тримає батарея.
все інше умовно нормальне,можна зробити фото,можна дивитися ютуб але то все таке неякісне що страх просто"
"Смартфон ZTE Blade A5 2/16GB Black","60eaf305323352f83decbcf2931bcfce","https://hotline.ua/ua/mobile-mobilnye-telefony-i-smartfony/zte-blade-a5-216gb-black/","рекомендує цей товар","Найкращий бюджетний варіант, доволі продуктивний, без особливих наворотів, але такий жвавий роботяга","Чим далі, тим батарея тримає все менше","рік і більше",""
"Смартфон ZTE Nubia M2 64GB Black/Gold","b07f1fbc3091e2611086fe838db73e7a","https://hotline.ua/ua/mobile-mobilnye-telefony-i-smartfony/zte-nubia-m2-64gb-blackgold/","не рекомендує цей товар","Красивый дизайн, амолед экран, неплохой процессор, быстрая зарядка в комплекте, наличие альтернативных прошивок на Андроид 9, работает гугл. камера","Нет NFC, камера слабовата, слабый шнурок родной (прожил меньше года), дизайн в 2021г устарел","рік і більше","Телефон неплохой на момент покупки в 2018г. С такими характеристиками по сути не имел конкурентов. Амолед экран не самый передовой (на самсунгах получше будет), но свою функцию выполнял, контрастная сочная картинка и батарею экономил. За счёт этого вопросов к автономности особо не было в любом режиме доживает до вечера. Также есть быстрая зарядка - около 1,5 ч до 100%. Интересная сенсорная кнопка с встроенным отпечатком под экраном. При покупке немного разочаровали камеры - позиционировался как камерофон, но... Вторая камера вообще непонятно для чего (делает черно/белые фото). Основная в любом режиме (в настройках камеры их много) снимает очень посредственно и детализация, баланс белого, шумы (ночная съёмка вообще ужасная). Немного исправляет ситуацию гугл. камера - баланс белого улучшается и детализация/шумы ночью. Но мне пришлось для этого поставить альтернативную прошивку на 9 Андроиде (в целом работает стабильно, но вначале отмечался повышенный жер батареи - спустя неделю использования автономность подросла где-то до 90% от номинала). Также в 2021г отсутствие NFC расстраивает - сейчас данным телефоном пользуется ребенок, для него данный недостаток не критичен, а в остальном всем доволен."
"Смартфон ZTE Nubia M2 Lite 3/64GB Black/Gold","2aaaebdca9d46c6fb93b2b239969c789","https://hotline.ua/ua/mobile-mobilnye-telefony-i-smartfony/zte-nubia-m2-lite-364gb-blackgold/","не рекомендує цей товар","Неплохой дизайн, дисплей читаемый на солнце","Слабый процессор, камера, батарея, андроид не обновляется, нет альтернативных прошивок, не возможно поставить гугл камеру","кілька годин","Выбирал между этим телефоном и Nubia M2 4/64. Внешне телефоны очень похожие - спереди вообще можно спутать (немного другое расположение камеры и датчиков), сзади одна камера тут вместо двух в М2. Но начинка и комфорт работы абсолютно разные - телефон на старом Андроиде 6 и новых прошивок под него нет. Процессор слабый даже в интерфейсе заметна определенная задумчивость, браузер и игры тоже с лагами. Камера никакая - но правда на М2 такая же (только их две там). К сожалению из-за старого андроида и процессора невозможно установить альтернативное приложение гугл камеры для улучшения фото. Батарея слабовата - думаю хватит на день использования, но за 2 часа настройки/браузера съела около 25%. Специфическая оболочка ZTE похожа на Леново , но надо привыкнуть. Дизайн - телефон ощущается достаточно тонким в руке, но гранями не режет. Экран конечно по меркам 2021 года уже по формату устарел, но качество неплохое."
"Смартфон ZTE Blade A7 2020 2/32GB Gradient","bdf3b734a00f684156c7d094ad2cc969","https://hotline.ua/ua/mobile-mobilnye-telefony-i-smartfony/zte-blade-a7-2020-232gb-gradient/","рекомендує цей товар","Нормальный экран, с виду лучше чем например в Meizu C9 Pro. Стекло на экране не тонкое, приятно холодит. Внешний вид современный. Емкий аккумулятор. Даже nfc есть. Быстрая зарядка. Адекватный ценник. И еще жирный плюс - адекватно работает датчик яркости освещения, по крайней мере странного поведения замечено не было","Не всегда элементы интерфейса удобные. Не знаю, толи это такая оболочка у zte или это так и должно быть. Несьемная батарея кажется уже становится нормой? Все еще MicroUSB","кілька днів","Покупался на подарок. Очень даже нормальный телефон как для бюджетника. По сегодняшним меркам 2 Gb оперативной памяти кажется уже мало, но среднестатистичекий юзер этого пожалуй не заметит, да и вообще трудно сказать как часто нужен больший объем для повседневных нужд."
"Смартфон ZTE Blade 20 Smart 4/128GB Gradient Green","b47d58c2502363ac4f197e75fad7ed49","https://hotline.ua/ua/mobile-mobilnye-telefony-i-smartfony/zte-blade-20-smart-4128gb-gradient-green/","рекомендує цей товар","Звук DTS. .Оптимальное разрешение экрана без бессмысленного FullHD. Пикселей и так не различаю, нет смысла их уменьшать в ущерб скорости и батарее","Нет геомагнитного датчика. .Плохой алгоритм автоповорота экрана - поворачивается когда не надо, чуть что (когда кладешь на стол например)..Очень-преочень маркая и нежная к царапанию задняя панель. Согласитесь это тупо - делать красивый телефон таким чтобы жалостливые пользователи прятали его красоту в чехол..Аккумулятор 4,4 В - насилование акума повышенным напряжением в ущерб долговечности. Думаю, именно этим объясняются жалобы народа, что вскорости акум дохнет. Советую не заряжать его больше чем до 90%..Нет вибры на разблокировку пальцем, мне это некомфортно..Светодиод событий с большими паузами - надо долго смотреть чтобы понять нет ли событий","кілька днів","Брал ребенку. Конечно для ребенка это еще та лопата. Сегодня целый день слушал музыку при выключенном экране - через обычный YouTube Music, премиум подписка. DTS при воспроизведении через динамик творит чудеса, правда он не действует на радиоприемник и слишком задирает громкость на нижних уровнях.
Основная камера норм. Не плохая и не супер, просто норм. Плохо что нельзя выбрать пониженное разрешение. Согласитесь это тупо хранить и обрабатывать фотку 16 мегапикселей, когда честных там примерно 4 (и это неплохой показатель я считаю).
Быстрая зарядка заряжает за 2 часа. Также понимает быструю зарядку от Neffos. Но я не любитель быстрых, обычно заряжаю медленно от ЮСБ.
Разблокировка пальцем не мгновенная как на моем Neffos, где-то плюс полсекунды."
"Смартфон ZTE Blade 20 Smart 4/128GB Gradient Green","b47d58c2502363ac4f197e75fad7ed49","https://hotline.ua/ua/mobile-mobilnye-telefony-i-smartfony/zte-blade-20-smart-4128gb-gradient-green/","рекомендує цей товар","загальний час роботи батареї;.розмір екрану;.прийом інтернет сигналу, особливо, якщо порівнювати із Meizu M8","поки що важко сказати, що мені не сподобалося. Закид про задню панель нівелювався покупкою чохла","кілька місяців","Вибираючи собі новий телефон, одним з провідних параметрів, на які я звертав увагу був ресурс батареї. Саме цей фактор у поєднанні з численними позитивними відгуками переконав мене придбати ZTE Blade 20 Smart. Такі ж характеристики як роздільна здатність екрану чи якість фото/відео були для мене не надто важливими. Правду кажучи, спочатку я був трохи розчарований часом автономної роботи пристрою, але згодом усе стало на свої місця. Так, у період з часу покупки до кінця листопада 2020 року акумулятор жив від 57 до 77 годин. При цьому приблизний час роботи екрану становив від 2,5 до 6 годин. У грудні ж ситуація змінилася. Час до повного розрядження суттєво зріс і зараз становить 6-11 днів (час роботи екрану = 10-11 годин). Таким чином, для роботи з додатками від Ґуґл, месенджерами, не тривалим прослуховуванням аудіо та переглядом відео продукції, за умови ігноруванням ігрових забавок, телефон ZTE Blade 20 Smart, на мою думку, — чудовий вибір за адекватну ціну.
Користуюсь абонентською радіостанцією ZTE 5,5 місяців."
"Смартфон ZTE Blade A7 2019 2/32GB Black","fbe4facdf95ca7a880b3acad871204a2","https://hotline.ua/ua/mobile-mobilnye-telefony-i-smartfony/zte-blade-a7-232gb-black/","рекомендує цей товар","отличный","долго зарядка","кілька годин","работает 2 года без проблем даже когда падал рекомендую етот телефон"
"Смартфон ZTE Blade A7 2020 2/32GB Gradient","bdf3b734a00f684156c7d094ad2cc969","https://hotline.ua/ua/mobile-mobilnye-telefony-i-smartfony/zte-blade-a7-2020-232gb-gradient/","рекомендує цей товар","Досить компактний телефон із нормальною швидкістю роботи та чудовою автономністю. Брав версію 2/32 - працює швидко. Чистий андроїд дев'ятої версії","Камери в цьому телефоні посередньої якості. Для використання в роботі (сфоткати швиденько якийсь документ), або за дня при хорошому світлі сфотографувати якийсь пейзаж - піде","кілька місяців","За співвідношенням ціна-якість кращого варіанта не знайшов (розглядав тільки серйозні світові бренди, ніяких дугі, кубот, зопо і т.д.). Рекомендую як хороший бюджетний смарт."
"Смартфон ZTE Blade V2020 Smart 4/128GB Grey","4c44f7b4a590b879c34ce13af7b8052c","https://hotline.ua/ua/mobile-mobilnye-telefony-i-smartfony/zte-blade-v2020-smart-4128gb-grey/","рекомендує цей товар","шустрый;.- автономный;.- хорошая камера с множеством режимов съёмки;.- наличие NFC;.- полное отсутствие рекламы в прошивке","маркий корпус;.- немного аксессуаров на украинском рынке","кілька днів","Смартфон покупался для супруги взамен старого Leagoo M5.
За неделю эксплуатации смартфона могу сказать следующее:
1. Корпус.
Не люфтит, не скрипит. Немного толще, чем у топовых моделей (батарею на 5000 мАч куда-то нужно было засунуть). Маркая поверхность задней крышки. Но это не проблема, если одеть смартфон в бампер или чехол.
2. Экран.
Достаточно яркий IPS, сочные цвета. Люди с идеальным зрением могут разглядеть пиксели (разрешение 1640x720 является относительно невысоким). Люди, имеющие хотя бы небольшие проблемы со зрением, этого не заметят. Мне, с моим 100% зрением и невысокими амбициям всё читается хорошо )
3. Автономность и производительность.
Сняв с зарядки смартфон в понедельник утром, супруга без проблем доходила с ним до вечера четверга без подзарядок, с включенными Wi-Fi, мобильным интернетом и GPS. В этот период смартфон использовался как звонилка, а вечером для общения в соцсетях. Старый смартфон с батареей 2300 мАч едва доживал до вечера. При всём моём уважении к процессорам Snapdragon, Spreadtrum SC9863A показал отличные результаты как в автономности, так и в производительности.
4. Звук.
В данной модели звук на максимальной громкости будет прекрасно слышно даже в плотном кармане без хрипов. В меню есть варианты переключения звуковых профилей. Правда, в отличии от Xiaomi, нет возможности настроить включение различных звуковых профилей по расписанию.
5. Программное обеспечение.
При первоначальной настройке и авторизации в Google меня пару раз выбрасывало. Я уже занервничал, но потом смог авторизоваться, прилетели обновления прошивки и гуглосервисов и всё встало на свои места. С тех пор с софтом никаких проблем нет. Интерфейс можно настроить на работу с тремя кнопками или жестами. Можно увидеть все установленные программы, свайпнув от нижнего края вверх.
6. Камера.
Я её использовал мало, но она мне понравилась.

Выводы: смартфон показал себя весьма неплохо по всем параметрам.
Жена довольна.
Я рекомендую к приобретению."
"Смартфон ZTE Blade A7 2019 2/32GB Blue","629ccddec3e1373122c9f58b7d53be4d","https://hotline.ua/ua/mobile-mobilnye-telefony-i-smartfony/zte-blade-a7-232gb-blue/","рекомендує цей товар","Всё супер","Но, звук , сам динамик тихий","рік і більше","Хороший смартфон."
"Смартфон ZTE Blade A7S 3/64GB Black","a4ad946a549dabfead05f21f7174afde","https://hotline.ua/ua/mobile-mobilnye-telefony-i-smartfony/zte-blade-a7s-364gb-black/","рекомендує цей товар","крепкий корпус, не люфтит.симпатичный дизайн.яркий дисплей.весьма приличная как для бюджетника камера.довольно шустрый, несмотря на экономичность процессор","прошивка периодически поругивается ошибками","кілька тижнів","Брал в подарок. В работе около месяца. Девайс очень приятный, если не считать периодических затупов от фирменной прошивки ZTE. Первая - иногда ругается на отвалившийся блютуз модуль.
Вторая - если пользоваться Wi-Fi и выйти из зоны действия, то иногда после возвращения сеть автоматом не подхватывается. Вручную тоже. Нужно ребутнуть девайс. Если бы не такие мелочи, все было бы вообще чётко. Сравниваю со своим бюджетником - Redmi 6A и качество прошивки у Xiaomi, конечно, получше.

P. S. Пару часов назад накатил свежее обновление, если что-то изменится дам знать.

P. P. S. И да, если надумаете брать готовый чехол через интернет, попросите продавца сфоткать его со всех сторон под рулетку. А если будете заказывать пошив, сами обфоткайте свой девайс и отправьте данные продавцу. Я брал два чехла для ""ZTE Blade A7S"". Один готовый, второй под пошив. Первый не подошёл вообще по глубине, во втором - отверстие NFC не совпало с реальным расположением.
Телефон новый и многие мастера видно и в глаза его не видывали. Учтите это."
"Смартфон ZTE Blade 20 Smart 4/128GB Gradient Green","b47d58c2502363ac4f197e75fad7ed49","https://hotline.ua/ua/mobile-mobilnye-telefony-i-smartfony/zte-blade-20-smart-4128gb-gradient-green/","рекомендує цей товар","За эти деньги он лучший","Нет","кілька годин",""
"Смартфон ZTE Blade A7 2020 3/64GB Gradient","85bb25e60a2602243431070637c0f286","https://hotline.ua/ua/mobile-mobilnye-telefony-i-smartfony/zte-blade-a7-2020-364-gb-gradient/","рекомендує цей товар","габариты.-батарея.-производительность.-начинка","громкость в наушниках .-не работает скриншот тремя пальцами.-очень слабое вибро.-сложно найти панель на версию 3/64","кілька тижнів","Очень слабенький усилитель звука в выходе наушников. Музыку можно слушать только на последних двух делениях, всё остальное очень тихо. На внешний динамик это не распространяется. Поэтому нужно искать плееры с доп усилением. 
Скриншот тремя пальцами есть в меню настроек, но не работает. Очень странно.
Вибро крайне слабое, в кармане не ощущаешь вообще.
Всё остальное бомба! Однозначно советую к покупке, так как за такие деньги отличный по начинке аппарат."
"Смартфон ZTE Blade A7 2020 3/64GB Gradient","85bb25e60a2602243431070637c0f286","https://hotline.ua/ua/mobile-mobilnye-telefony-i-smartfony/zte-blade-a7-2020-364-gb-gradient/","рекомендує цей товар","Неплохо по внешнему виду..Сносная камера..Модуль оплаты через терминал (для меня было приоритетом при выборе","Громкость внешнего динамка..Немного подтормаживает","кілька місяців","За свои деньги - хорош!"
"Смартфон ZTE Axon 7 mini Grey","0b8a9b11dc7bb96e491a3dc6be388324","https://hotline.ua/ua/mobile-mobilnye-telefony-i-smartfony/zte-axon-7-mini-grey/","рекомендує цей товар","Экран, звук, NFC, отпечаток пальца, 2-е симки, тонкий","Батарея","рік і більше","Смартфон радует своей работой уже почти 3 года, был куплен в подарок. Сам смартфон качественный, понравились внешние динамики, также музыкальный чип для наушников. Отличный экран, NFC, сканер отпечатка пальца. Не плохая камера. Единственное, что огорчило, так это батарея. Можно было поставить и помощнее. В целом телефон получился хороший, за все время эксплуатации не доставил никаких проблем."
"Смартфон ZTE BLADE V10 Vita 3/64GB Black","57313651b4c4b7c851fb3ce768195b88","https://hotline.ua/ua/mobile-mobilnye-telefony-i-smartfony/zte-blade-v10-vita-364gb-black/","рекомендує цей товар","Ціна, 64 ГБ вбудованої пам'яті, 3 Гб оперативної, адаптивний режим акумулятора, фільтр синього кольору, який можна ввімкнути на автоматичний режим нічний режим (від заходу сонця і до світанку), якісний екран, слот на 2-і сімкарти або .1 сімкарта + 1 карта пам'яті, сканер відбитку пальців працює справно і швидко, при підключені Bluetooth-навушників система виводить рівень їх заряду, телефон швидко заряджається","Заряду вистачає, зазвичай, на 1-2 дня, не стандартний зарядний (на 1,5 А), майже зовсім немає аксесуарів на дану модель телефону (скло, накладки","кілька місяців","Телефон якісний, але не має NFC-модулю. Оскільки не стандартна зарядка, то потрібно було докупити специфічний Power Bank (купив TP-Link TL-PBG3350 на 1,5 А). Спочатку користувався 1 сімкартою + карта пам'яті, але згодом переніс дані з карти пам'яті на телефон і користуюсь 2 сімкартами (вбудованої пам'яті 64 Гб вистачає з головою навіть на відео). Раніше користувався Xiomi Redmi 4A, але оскільки в Xiomi Redmi 4A погано працює 4G, і телефон регулярно перегрівався перейшов на телефон без додаткових вбудованих програм і без регулярних оновлень системи. ZTE якраз такі телефони."
"Смартфон ZTE Blade A7 2019 2/32GB Black","fbe4facdf95ca7a880b3acad871204a2","https://hotline.ua/ua/mobile-mobilnye-telefony-i-smartfony/zte-blade-a7-232gb-black/","рекомендує цей товар","Доступная цена, скорость работы, хорошо держит батарею","Материал корпуса, красная кнопка включения","кілька днів","Телефон покупался на подарок. Мною тестировался несколько дней.За это время в работе показал себя в работе отлично. Со связью проблем нет, довольно шустро работает. Камера при хорошем освещении работает неплохо, но и не идеально. Даже в этой же ценовой категории есть боллее удачные варианты, если для вас важна камера на телефоне. 
Все функции телефона были проверены за два дня, после этого он лежал в коробке включённый 7 дней и с 60% разрядился только до 40%, что тоже неплохо. Хотя посмотрим, что будет дальше. 
Если вы открываете приложение, а потом долго им не пользуетесь, то система закрывает его автоматически.
В целом, функциональные возможности телефона полностью соответствуют его цене.
Что не совсем понравилось: материал крышки корпуса и кнопка включения. 
Итак, кнопка включения/блокировки красного цвета. Непонятно зачем. Фото ее внешнего вида прикрепляю.
А материал корпуса - это глянцевый пластик. Причем он будто с мелкими блесточками. Хотя на фото этого не очень видно, но в жизни более заметно. К счастью, это легко решается покупкой чехла.
В остальном телефон, отличный. Им уже пользуется его постоянный владелец и нареканий на работу также не имеет."
"Смартфон ZTE Blade L8 1/16GB Black","d2f0f4adbdf0d3955d19ec4ddcc90127","https://hotline.ua/ua/mobile-mobilnye-telefony-i-smartfony/zte-blade-l8-116gb-black/","рекомендує цей товар","ЦІНА,самий дешевий,який сенсорний","УУУ багато,камера,екран,програмне забеспечення,корпус","кілька місяців","Супер бюджетний телефон,слабкий екран тусклий, в роботі тормозить,тобто коли горташ екран все розпливаться якщо швидко провети пальцем.камера без автофокуса.пластик неприємний,на вагу як дитячий і ОДИН супер плюс моцна батарея,сутки в активному режиму тримає вільно.це мабуть з мінусів все."
"Смартфон ZTE Blade 20 Smart 4/128GB Gradient Green","b47d58c2502363ac4f197e75fad7ed49","https://hotline.ua/ua/mobile-mobilnye-telefony-i-smartfony/zte-blade-20-smart-4128gb-gradient-green/","рекомендує цей товар","Экран, размер","Остаются отпечатки на корпусе","кілька годин",""
"Смартфон ZTE Blade V9 3/32GB Gold","6159aae435328982b3aca48c9766b713","https://hotline.ua/ua/mobile-mobilnye-telefony-i-smartfony/zte-blade-v9-332gb-gold/","не рекомендує цей товар","Отличная камера, лучше за эти деньги было не найти. Неплохой дизайн, удобно лежит в руке, можно делать навигацию одной рукой, долго держит заряд. Оболочка - чистый Андроид","Примерно через полгода вздулась батарея и перестала держать заряд. Пришлось покупать новую и самостоятельно ее менять, это +10 долларов к цене. В рекламе писали что на обратной стороне закаленное стекло, на самом деле там обычный пластик покрашенный так, чтобы отражать свет. Посредственное аудио","рік і більше","Сейчас уже покупать этот телефон не имеет смысла, можно немного доплатить и купить что-то получше."
"Смартфон ZTE Blade V9 3/32GB Black","11ef8ef026e9482c8fe01a086e211f2d","https://hotline.ua/ua/mobile-mobilnye-telefony-i-smartfony/zte-blade-v9-332gb-black/","рекомендує цей товар","Цена/качество. Год назад, когда я его покупал, за свою цену это был очень хороший выбор","камера.- без чехла или бампера - не жилец.- под нагрузкой быстро разряжается.- отменили апгрейд до 9.0","рік і більше","В 2020 году телефон всё ещё подходит для решения простых (офисных/соцсети) задач, с ними справляется хорошо и еще год точно не будет хламом. Хотя, чем дальше в лес, тем больше лагов, пусть и небольших. Управление оперативной памятью в этом телефоне не на высоте. Батарея спокойно держит день, если не играть в тяжелые игры, с которыми видеомодуль тоже уже плохо справляется даже на ""минималках"". С простенькими играми проблем быть не должно. Экран - нормальный, датчик освещенности почти не глючит. Связь/WiFi/BT работают хорошо, никаких глюков не было. NFC радует, но почему-то не хочет дружить с Киевским метрополитеном :)
ЗЫ Планирую за те же 4000 грн. теперь взять Blade 20, так как иногда в серьезные игры хочется поиграть без нервотрепки."
"Смартфон ZTE Blade A5 2020 2/32GB Black","3f3b789e99aec05f9f46e5bb82b7e60a","https://hotline.ua/ua/mobile-mobilnye-telefony-i-smartfony/zte-blade-a5-2020-232gb-black/","рекомендує цей товар","Сподобалось","Все сподобалось","кілька годин",""
"Смартфон ZTE Nubia Z17 mini 4/64GB Black/Gold","511bf0c479a973eb5b674cadf322a6c2","https://hotline.ua/ua/mobile-mobilnye-telefony-i-smartfony/zte-nubia-z17-mini-464gb-blackgold/","рекомендує цей товар","NFC.Характеристики.Ціна.Загальна якість зборки","Поганий переклад меню російською ще пів біди, українською взагалі жах).Перестали обновляти.Дуже рідко втрачає зв'язок","рік і більше","Працює більше року, теж інколи, ну дуже рідко пропадає зв'язок на одній з двох сімок, перезавантаження завжди помагає, не проблема. За свої гроші хороший вибір, актуальний навіть на зараз, до появи 5g."
"Смартфон ZTE Blade A5 2/16GB Blue","554a080dca9f671ae43c16618f903e02","https://hotline.ua/ua/mobile-mobilnye-telefony-i-smartfony/zte-blade-a5-2019-216gb-blue/","рекомендує цей товар","Дешёвый телефон, IPS матрица, более-менее достаточный для повседневной работы, как дополнительный телефон, который и не жалко убить","Пластиковый корпус","кілька місяців","Не премиальный дешевый телефон не блещущий дизайном, но тем не менее очень даже не плохой вариант для дополнительного телефона для работы. Меня вполне устраивает, только вот корпус совсем уж пластиковый )))"
"Смартфон ZTE Blade A5 2/16GB Black","60eaf305323352f83decbcf2931bcfce","https://hotline.ua/ua/mobile-mobilnye-telefony-i-smartfony/zte-blade-a5-216gb-black/","рекомендує цей товар","Полное соответсвие цены и качества!!! За 70$ ничего лучше на рынке нет","батарея держит в неактивном режиме 2,5 суток, для фронтальной камеры - для хорошего снимка - надо хорошее освещение","кілька тижнів","пользуюсь две недели, пока замечаний нет. Связь 4G, приложения работают отлично! Кто без понтов и мобила нужна для повседневной работы рекомендую."
"Смартфон ZTE Blade A522 2/16GB White","2db1418223861844da05a6cd215a28a4","https://hotline.ua/ua/mobile-mobilnye-telefony-i-smartfony/zte-blade-a522-216gb-white/","рекомендує цей товар","Ціна, наявність NFC","Відсутні аксесуари на дану модель (скло, чохли","кілька місяців","Чохол я ще знайшов, а от скло то важко знайти. Телефон працює справно, не глючить."
"Смартфон ZTE Blade A6 Lite 2/16GB Black","89b4d8702e8a572965e2c0c458cc6663","https://hotline.ua/ua/mobile-mobilnye-telefony-i-smartfony/zte-blade-a6-lite-black/","рекомендує цей товар","Длительность работы батареи","Нет такого","кілька тижнів",""
"Смартфон ZTE Blade A6 Lite 2/16GB Black","89b4d8702e8a572965e2c0c458cc6663","https://hotline.ua/ua/mobile-mobilnye-telefony-i-smartfony/zte-blade-a6-lite-black/","не рекомендує цей товар","аккумулятор хорошо держит","1. Пропадает интернет от роутера. Выключение включение wifi на какое-то время исправляет проблему..2. Пропадает ориентация дисплея. На время помогает перезагрузка телефона, но появляется следующая проблема..3. При перезагрузке телефон не видит сим карту в слоте 1. Приходится до десятка раз перезагружать..4. Изредка слетает авторегулировка яркости. Порой в темноте экран мигнёт и врубается на полную яркость. Выключение включение функции ситуацию исправляет..5. Громкость в наушниках очень слабая..6. Батарея сильно греется","кілька місяців",""
"Смартфон ZTE Blade A6 3/32GB Black","e0dcb636671edb314f96a5399c2a3e97","https://hotline.ua/ua/mobile-mobilnye-telefony-i-smartfony/zte-blade-a6-black/","рекомендує цей товар","цена.- внешний вид.- скорость работы.- батарея","камера","кілька тижнів",""
"Смартфон ZTE Blade A6 Max Black","690c6cb8a2924315ca6922fe6a7250e4","https://hotline.ua/ua/mobile-mobilnye-telefony-i-smartfony/zte-blade-a6-max-black/","рекомендує цей товар","Екран.Автономність","іноді втрачає мобільну мережу","кілька місяців",""
"Смартфон ZTE Nubia M2 64GB Black/Gold","b07f1fbc3091e2611086fe838db73e7a","https://hotline.ua/ua/mobile-mobilnye-telefony-i-smartfony/zte-nubia-m2-64gb-blackgold/","рекомендує цей товар","Великий, яскравий та контрастний AMOLED дисплей, великий акумулятор зі швидкою зарядкою (біля 1,5 години), добра камера з можливістю вибору різних режимів та ручних налаштувань","Нема NFC","кілька місяців","Однозначно вартий своїх грошей.
Щоб нормально працювали месенджери, потрібно в налаштуваннях дати їм дозвіл доступу до повідомлень і в менеджері задач поставити ""замочок"" до потрібних програм потягнувши їх донизу."
"Смартфон ZTE Nubia Z17 mini 4/64GB Black/Gold","511bf0c479a973eb5b674cadf322a6c2","https://hotline.ua/ua/mobile-mobilnye-telefony-i-smartfony/zte-nubia-z17-mini-464gb-blackgold/","рекомендує цей товар","Швидкодія, камера з RAW і купою ручних налаштувань, є nfc на відміну від інших моделей за подібну ціну, висока якість збирання корпуса, наявність USB Type-C","Раз в місяць втрачає звязок з мобільною мережею - вирішується шляхом діставання сімки та перезавантаження, обмежена автономність при інтенсивному використанні, до кінця дня дотягує але на мінімумі","кілька місяців","Досить пристойний апарат за свої гроші. Щоб нормально працювали месенджери, потрібно в налаштуваннях дати їм дозвіл доступу до повідомлень і в менеджері задач поставити ""замочок"" до потрібних програм потягнувши їх донизу."
"Смартфон ZTE Blade L5 Grey","5a1e70ffe74eee7600a10bd03cb9ab67","https://hotline.ua/ua/mobile-mobilnye-telefony-i-smartfony/zte-blade-l5-grey/","рекомендує цей товар","Цена. Эргономика. Дизайн","Минимальные углы обзора экрана. Очень медленный. Встроенная ОС не гибкая (ИМХО","кілька днів","Великолепный телефон за 55 баксов.
Купил маме, как первый смартфон.
Будет разбираться, нужен ли ей в будущем более навороченные Смарты.
Считаю более, чем оправданной покупкой.
Хотя мой ребёнок негодовал бы от низкой скорости работы.
зы. Не нашёл возможности в разговоре переключения на динамик."
"Смартфон ZTE Nubia M2 4/64GB Gold","e633a1eec95c3a43e3fb62403ae3d587","https://hotline.ua/ua/mobile-mobilnye-telefony-i-smartfony/zte-nubia-m2-464gb-gold/","рекомендує цей товар","Камера. Дисплей","Зарядка проста а не швидкісна. Погано працює мікрофон.Погано працюють кнопки софту. Погано працює датчик наближення Прошивка і оболонка примітивні. Мало яскравості дисплею. Нема навушників чохла і скла","кілька місяців","Користуюсь кілька місяців. В принципі задоволений. Хороша камера і дисплей. Автономність середня, світлова доба. Швидкий."
"Смартфон ZTE Blade A520 Dark grey","5d201159e9f367aa4aabe7a606891914","https://hotline.ua/ua/mobile-mobilnye-telefony-i-smartfony/zte-blade-a520-dark-grey/","рекомендує цей товар","Недорогой.Легкий.Безглючный","Критичных замечаний нет","кілька місяців","Хороший телефон. Все работает как и должно. Батареи мне на день хватает с запасом. Вообще, телефон экономно расходует заряд. Качество фоток удовлетворительное. Разговорный динамик качественный и громкий, динамик звонка мог бы быть и погромче, но его тоже вполне хватает. Микрофон нормальный, меня слышат хорошо. Качество сборки хорошее, щелей, люфтов нет, ничего не скрипит."
"Смартфон ZTE Nubia Z11 MAX 4/64GB Silver","1930707562f8774694e7b697ee2e05ee","https://hotline.ua/ua/mobile-mobilnye-telefony-i-smartfony/zte-nubia-z11-max-464gb-silver/","рекомендує цей товар","Цена и весь телефон практически","Батарея. но скорее всего субъективное мнение","кілька місяців","Чуть более полу года юзаю. Особых замечаний не имею, шустрый, стабильный, стильный и т. д. Буду менять т к надоел, у меня принцип, пол года и менять."
"Смартфон ZTE Blade A610 (Gold)","d6176b8528393e64165384efb5d332aa","https://hotline.ua/ua/mobile-mobilnye-telefony-i-smartfony/zte-blade-a610-gold/","рекомендує цей товар","Дизайн, 2.5D скло, автономність, наявність функції OTG, легкий та ергономічний","Критичних недоліків не виявлено","кілька тижнів","Цілком збалансований смарт на свою ціну для повсякденних завдань. Насамперед має пристойну автономність з акб на 4000мАг. З хорошим світлом виходять якісні фото. В комплекті кабель OTG для підключення зовнішніх накопичувачів."
"Смартфон ZTE Nubia N2 4/64GB Black/Gold","3020959230a12b24d57fb51deddbdf68","https://hotline.ua/ua/mobile-mobilnye-telefony-i-smartfony/zte-nubia-n2-464gb-blackgold/","не рекомендує цей товар","Автономность, экран","Вообще не рекомендую Nubia. У меня уже два месяца лежит Nubia N2 с разбитым экраном. Запчастей вообще нет и не предвидится. Но когда берешь новый телефон о ремонте не думаешь. Разбился с первого же падения экраном вниз. Камера печальная совсем, в остальном нормальный тел","кілька місяців","Кому важно, на ярлычках приложений, на рабочем столе не высвечивается количество новых сообщений. Перебрал все лаунчеры из маркета, только на одном заработало.И еще, что бы приложение работало в фоне, его нужно специально ""закреплять"" в окне запущенных приложений... такого я ни где не видел... не закрепишь, уведомления и сообщеня приходить не будут"
"Смартфон ZTE Blade V7 Lite Grey","8368baddd86342ae71d6594f6c0f6a89","https://hotline.ua/ua/mobile-mobilnye-telefony-i-smartfony/zte-blade-v7-lite-grey/","не рекомендує цей товар","1) Гарний дизайн телефону (форм-фактор iPhone 6 style).2) продуктивність мінімально достатня для звичайного користування телефоном (без супер графіки в іграх), хоча трапляються пілвисання..3) ціна 3333грн","1) Фронтальна камера хоч і 8Мп, оптика її далека від оптики наприклад Sony 3112/3116..2) Тачскрін не дуже чутливий, це відчувається при наборі тексту.3) відсутність NFC і відповідно неможливість користуватися сервісами оплати через телефон (наприклад, оплачувати з карткою MasterCard в метро","кілька тижнів","В цілому не рекомендував би телефон. 
PS. Встановлення клавіатури Gboard з playmarket покращує роботу і додає t9 для набору украхнською."
"Смартфон ZTE Nubia Z11 (Grey)","f2f69d0ce9d57e4716ebca795675da1d","https://hotline.ua/ua/mobile-mobilnye-telefony-i-smartfony/zte-nubia-z11-black/","рекомендує цей товар","Безрамочность.Общий дизайн.Производительность (проц+ОЗУ+ПЗУ","Излишне гладкие грани - такая полировка делает его слегка более скользким по сравнению с телефонами, у которых боковины имеют крашенный метал или же не так полированы. .Появилось пару царапин от пребывания в кармане джинсов, но речь не о глубоких царапинах (стекло), а микро-поверхностных, такое ощущение, что олеофобка пострадала","кілька місяців",""
"Смартфон ZTE Nubia Z11 (Grey)","f2f69d0ce9d57e4716ebca795675da1d","https://hotline.ua/ua/mobile-mobilnye-telefony-i-smartfony/zte-nubia-z11-black/","рекомендує цей товар","Безрамочность это нечто... Наконец-то технологии позволили убрать рамки. Выглядит очень круто, пользуюсь уже второй месяц и все равно кайфую) .- псевдо 4к видео радует.- световой индикатор.- 64гб на борту, проц, дисплей....- автономность и быстрая зарядка","не нашел","кілька місяців","Благодаря большому дисплею получилось и кодить, и удобно решать большинство рабочих вопросов. Не люфтит, тактильные ощущение как у iPhone 6. Флагман без преувеличения... Не бойтесь USB typeC в этом нет ничего страшного :)"
"Смартфон ZTE Nubia Z9 Mini (Black)","c695ee6b8c1468e9fd504f8747ee6d9e","https://hotline.ua/ua/mobile-mobilnye-telefony-i-smartfony/zte-nubia-z9-mini-black/","рекомендує цей товар","Отличный телефон, пользуюсь год, недавно хотел поменять на что-то более свежее, но решил обновить прошивку для начала, прошил Андроид 7,1,1 телефон стал заметно шустрее, и новая прошивка обновла рабочий стол, поменял чехол и решил оставить его ещё минимум на 1год..У него отличный экран, мощная начинка, премиум сборка и отличная 16МП камера","Если придраться то хотелось бы мощнее акум, хотя телефона на 1-2 дня и так хватает за счёт хорошей оптимизации, другие телефоны с батареей 3500-4000мА держут примерно столько же","рік і більше",""
"Смартфон ZTE Nubia Z11 MAX 3/64GB Gold","cf4550135aa60f2d9db43e7d6e14b7a0","https://hotline.ua/ua/mobile-mobilnye-telefony-i-smartfony/zte-nubia-z11-max-364gb-gold/","рекомендує цей товар","Размер экрана, камера","Не определился","кілька годин","Карта памяти поддерживается в виде гибридного слота"
"Смартфон ZTE Blade A601 (Black)","d6d3a9dc926813273dd18b3952ef02b0","https://hotline.ua/ua/mobile-mobilnye-telefony-i-smartfony/zte-blade-a601-black/","рекомендує цей товар","Батарея СУПЕР (ради этого смартфон и куплен)..Являясь одним из разработчиков беспроводных.стандартов связи, продукция ZTE обеспечивает.отличные показатели качества приема сигналов..Дизайн прост - и ладно, плюс немаркий пластик..Экран - не фонтан, однако запас яркости хорош..Камера довольно неплохая, прилично настроек..GPS в норме: видит 15 спутников, 10 - в работе..Каких-то особых недостатков у смартфона нет -.кроме тех, которые попали в ""не понравилось","Когда вы захотите надеть снятую заднюю крышку.обратно, скорее всего, это получится не с первого.раза, короче, пытайтесь фиксировать ее, нажимая.и одновременно словно натягивая на все бортики..Кроме того, она поскрипывает со стороны кнопок..Загрузка будет несколько замедленной, да и пуск.приложений (списываем на скромный процессор)..Звук воспроизведения ваших любимых фильмов.и MP3-музыки окажется весьма тихим, однако его.можно увеличить в меню настроек, задействовав.режим усиления или покопавшись в инженерном.меню, где набираем в номеронабирателе такое:.*#*#3646633#*#* (найдите тему на 4пда по А610)..После первичной установки параметров и первой.перезагрузки дало сбой какое-то приложение, но.это случилось один раз и больше не повторялось..Не хотят работать будильник Timely и Зайцев.нет.(но это решилось установкой похожих программ","кілька днів","Я тут недавно хвалил LG X Style, но его отдал жене
на замену ее разбившемуся смартфону, а при этом
добавлю, что LG и суток, бывало, не мог протянуть:
батарея там в 2 раза меньше, чем здесь, у ZTE 601.
По-своему LG был хорош, но я скажу: ZTE 601 - это
достойный бюджетный аппарат, который ""проживет""
при обычном использовании дня 2-3 за счет батареи.
Не думаю, что за ним будут выстраиваться очереди,
но своего покупателя смартфон обязательно найдет."
"Смартфон ZTE Nubia V5 Red Bull (2/8GB)","45bf16309182c0ae6a249eb41d949465","https://hotline.ua/ua/mobile-mobilnye-telefony-i-smartfony/zte-nubia-v5-red-bull-28gb/","рекомендує цей товар","Замечательный китаец..Цена / производительность --> одна из самых приятных..Заказывал на Али. Обошёлся в 120$ на октябрь 2015","Нету ""защиты от дураков""..Модуль WiFi один для всех телефонов этой модели. (Решается","кілька місяців","Перед прошивкой изучите тему и делайте бэкап. :-)"
"Смартфон ZTE Nubia Z7 Mini","a6c5ae65c3ac3536847555cc6dafa4cc","https://hotline.ua/ua/mobile-mobilnye-telefony-i-smartfony/zte-nubia-z7-mini/","рекомендує цей товар","Две симки, хоть и один радио модуль. Поддержка LTE и CDMA2000.- SD карта.- ФМ радио.- Отличный экран. Поддерживает двойной тап..- Хороший GPS, поддерживает российские, американские и китайские спутники.- Средняя камера Сони на 13мп.- Крышка съемная. Кнопки на ней же. Так что можно подобрать себе другие крышки, если надо.- Ну и проц Qualcomm Snapdragon 801 MSM8974AA. Который получше будет нового(на данный момент) МТК 6795..Прошивок много разных есть. Как официальные, так кастомы на Андроид 5.1 Лично я юзаю MIUI v7 на Андроид 4.4","Размер мог бы быть и меньше. Но сейчас и такой уже считается ""мини"". 69,3 мм x 140,9 мм x 8,19 мм.-Встроенная батарея на 2 300. С которой к тому же, у многих сейчас проблемы. Покупают на Али замену. Стоит в районе 10","кілька тижнів",""
"Смартфон ZTE Nubia V5 Red Bull (1/4GB)","e42a1a508d2155be80db3d18b07fd3f2","https://hotline.ua/ua/mobile-mobilnye-telefony-i-smartfony/zte-nubia-v5-red-bull-14gb/","рекомендує цей товар","Классный внешний вид, качественный экран, не китайское железо, звук, быстродействие","Один внешний динамик","кілька днів","За свою цену это лучшее предложение."
"Смартфон ZTE Nubia V5 Red Bull (1/4GB)","e42a1a508d2155be80db3d18b07fd3f2","https://hotline.ua/ua/mobile-mobilnye-telefony-i-smartfony/zte-nubia-v5-red-bull-14gb/","рекомендує цей товар","Отличный экран, плоский корпус -в руке не ощущается толщина девайса, громкий динамик даже слишком, среднепроизводительный проц, шикарный ГПС как и у всех квалкомов, умеренная чувствительность сенсора с пленкой -предотвращается случайное нажатие, удовлетворительная продолжительность работы от аккумулятора, 2 симки!, не заброшенная ось - кодеры пилят. Бомбезный звуковой модуль! шикарные бассы, чистый кристальный звук. Связь работает без нареканий,в любых помещениях. Комплектуется толковой зарядкой. Оочень юзабельная версия стокового дроида","Слабоватая стоковая камера, возможно поправимо перепрошивкойзаменой оной, слабоватая схемотехника джека 3.5 - иногда не коненктятся наушники. Бесполезное реально работающее DTS, если включить - искажает звук, ничего полезного. Не всегда сразу включается мобильный инет, лечиться переподключением, либо вероятно перепрошивкой. Много лишнего софта в стоке","кілька місяців","Отличный аппарат, если рассматривать версию 2 Гб, врятли найдется что то более уравновешенное в ценовой категории."
